{
    "sheetName": "Assets/SpriteSheet/Player/Player_Jump.png",
    "spriteInfos": [
        {
            "name": "Jump_3",
            "rect": {
                "left": 228,
                "top": 0,
                "right": 304,
                "bottom": 86
            },
            "pivot": {
                "x": 0.6710526347160339,
                "y": 0.03488372266292572
            }
        },
        {
            "name": "Jump_0",
            "rect": {
                "left": 0,
                "top": 0,
                "right": 76,
                "bottom": 86
            },
            "pivot": {
                "x": 0.6710526347160339,
                "y": 0.03488372266292572
            }
        },
        {
            "name": "Jump_1",
            "rect": {
                "left": 76,
                "top": 0,
                "right": 152,
                "bottom": 86
            },
            "pivot": {
                "x": 0.6447368264198303,
                "y": 0.03488372266292572
            }
        },
        {
            "name": "Jump_2",
            "rect": {
                "left": 152,
                "top": 0,
                "right": 228,
                "bottom": 86
            },
            "pivot": {
                "x": 0.6710526347160339,
                "y": 0.03488372266292572
            }
        }
    ]
}